{"name":"pmsrbh5","type":"H5","version":"0.0.40","source":"基本法","main":"index.html","aladdin":{"min":"1.0.0","max":""},"os":{"ios":{"min":"7.0.0","max":""},"android":{"min":"4.1.0","max":""}},"hardware":{"android":{},"ios":{}},"loadingWay":"offline","upgradeType":"full","upgradeStrategy":"forced","upgradeWay":[],"upgradeTiming":"appStart","publishType":"formal","effectTime":"","expiredTime":"","dependComponents":{},"urlMapping":{},"options":{},"app":{"ios":{"min":"0.0.1","max":""},"android":{"min":"0.0.1","max":""}}}